path,id
404.html,4aK0u36jlpWRe_S84DUrDwWSo1ZBVqjIvjKKhpzCkV8
account.html,NyfPJCBMsmfV53G-bLIvCAHRicSUf5nT1e_UceXVYJg
index.html,VZyMfvZ0DqnqItMOw2ZCYJz4fY0UJDILgzoO12JEq4I
refresh.svg,Mo7TmPfpv9RhnSeIlq8I4IPD4tus8XvZyOirJC1t3u4
favicon.ico,hE-fdEBPIEzYpf_Q9YYHWLNry_wEMOk71hbhoUZ0hac
vercel.svg,-QieztE9bjSxczvVVe99kagsWElfyPrLcfFL-9mccfQ
stars.svg,dqmoR4dyhloyzzRctjCCMebI1_YSYO3d2gY9ItTTMrI
_next\static\chunks\pages\account-238f90f004f36e9a.js,mZ3w1JtRl2Bjx_xD_enB42X8OMMh-4MlosB-ZA5VZHE
_next\static\chunks\framework-75db3117d1377048.js,nqdcOjUKvJ0hemre9vBRD4NHq61gj3p4fT45NmMelRg
_next\static\chunks\pages\index-5ed05ed46721a284.js,Dol23i7QV-BQ5W4npE6xvIvqgDd1a8vt1LaXWfcWrKg
_next\static\chunks\pages\_error-0509152792d2b207.js,rh6IB76cXuCJfG27cSzZZM-5Jc9Uop8M2l84kvqNZ18
_next\static\chunks\4-6aca069ca3c90551.js,lMIkuuOk_qqfn7w6EOVZeK34_FT5akamrkMl03o-qns
_next\static\chunks\main-f72cfb66f4396195.js,Dq1WTG2XqPE-Q9PI8PxqAVKuoSz2YD7rcZ2GadQgGME
_next\static\chunks\webpack-5761f3a204ffdf4a.js,qUzsMrNFaxm4egVhLUBDxsGORp2UWMgHI-tVjJ2Jz9I
_next\static\chunks\260-d3488abdc8cb173c.js,6_66vJ0SakPgY1Z6Q7TDpAC7jczmppNwuBqevVqkoTA
_next\static\css\c7955b609fed92af.css,2qVSnerSr8rw3Gs0bnT1Y0VxLcmwitTnS6pxa3T5S5Q
_next\static\chunks\polyfills-5cd94c89d3acac5f.js,t8qFr9oL-5yMDi-Z_nct8V3s12xV-eTBj8ES2q8-59w
_next\static\oPZts7aRt1POXPp3OGAvb\_buildManifest.js,2PP8Bc6DkmgRvzbJcdn6ajSnPVhy4bbRe2vCrwKPG4A
_next\static\oPZts7aRt1POXPp3OGAvb\_middlewareManifest.js,UmudAGhiX8v3i517VkyfXf71Zxy2Bpn9jgPnrSQduI0
_next\static\oPZts7aRt1POXPp3OGAvb\_ssgManifest.js,8DdHIGyF-5zTsGjMwlgzVWloncOX2t5HM3T5MWEXCgw
_next\static\chunks\pages\_app-b41ecfa13e5fbef9.js,ofb1EuLsQYzr7DujDmhcK9zrCvB7CmVZ4AhWWia_jL4
_next\static\UGMEzXaXemjh09dRjlRdb\_buildManifest.js,Spa8hyQy_8U_K-Sn0l4HjRIBdjnpfs7bImUw4qcDMj8
_next\static\UGMEzXaXemjh09dRjlRdb\_ssgManifest.js,NCxXs8ZSveqgCI7V1W3jDr1VNUmKAK6VTM8fpLWT0gE
_next\static\UGMEzXaXemjh09dRjlRdb\_middlewareManifest.js,hCunn_UfueQCbmr_3c3pMbNAWWSMesBpBoUuk6RegM4
_next\static\ajvJ7LU-xPnjqOZKurfTV\_middlewareManifest.js,jRHkuGllRXZ6P0k6ihwONev-OZ0g2emVj3Rqi51DjGc
_next\static\ajvJ7LU-xPnjqOZKurfTV\_buildManifest.js,Atvesu1Lqw_jdS5lD_-tAFfUoQSY3F8yNuFaDVYbjBg
_next\static\ajvJ7LU-xPnjqOZKurfTV\_ssgManifest.js,Ax6mvwTKGWHs_sJoP0sESNzuw7S1YnyC97_Q7AJ-QFo
